HTTP_CODE, RESPONSE_TIME(ms)
200, 392 ms
200, 736 ms
200, 904 ms
200, 1162 ms
200, 1552 ms
200, 1665 ms
200, 2120 ms
200, 2238 ms
200, 2679 ms
200, 2763 ms
200, 119 ms
200, 299 ms
200, 596 ms
200, 1115 ms
200, 1218 ms
200, 1328 ms
200, 1713 ms
200, 2344 ms
200, 2634 ms
200, 2943 ms
200, 318 ms
200, 804 ms
200, 915 ms
200, 1114 ms
200, 1331 ms
200, 1621 ms
200, 1931 ms
200, 2100 ms
200, 2355 ms
200, 2607 ms
200, 78 ms
200, 189 ms
200, 647 ms
200, 760 ms
200, 953 ms
200, 1185 ms
200, 1567 ms
200, 1686 ms
200, 1978 ms
200, 2423 ms
200, 74 ms
200, 181 ms
200, 663 ms
200, 775 ms
200, 1078 ms
200, 1188 ms
200, 1682 ms
200, 1794 ms
200, 2001 ms
200, 2301 ms
200, 322 ms
